Sites,Class names,Match
https://www.allaboutbirds.org/guide/Purple_Finch,Purple_Finch,exact
https://www.allaboutbirds.org/guide/Pied-billed_Grebe,Pied-billed_Grebe,exact
https://www.allaboutbirds.org/guide/Veery,Veery,exact
https://www.allaboutbirds.org/guide/Song_Sparrow,Song_Sparrow,exact
https://www.allaboutbirds.org/guide/Barrows_Goldeneye,Barrows_Goldeneye,exact
https://www.allaboutbirds.org/guide/Least_Sandpiper,Least_Sandpiper,exact
https://www.allaboutbirds.org/guide/Rose-breasted_Grosbeak,Rose-breasted_Grosbeak,exact
https://www.allaboutbirds.org/guide/Northern_Rough-winged_Swallow,Northern_Rough-winged_Swallow,exact
https://www.allaboutbirds.org/guide/Ladder-backed_Woodpecker,Ladder-backed_Woodpecker,exact
https://www.allaboutbirds.org/guide/Pine_Warbler,Pine_Warbler,exact
https://www.allaboutbirds.org/guide/Scaled_Quail,Scaled_Quail,exact
https://www.allaboutbirds.org/guide/Black-throated_Blue_Warbler,Black-throated_Blue_Warbler,exact
https://www.allaboutbirds.org/guide/Common_Grackle,Common_Grackle,exact
https://www.allaboutbirds.org/guide/Lesser_Black-backed_Gull,Lesser_Black-backed_Gull,exact
https://www.allaboutbirds.org/guide/Black_Rosy-Finch,Black_Rosy-Finch,exact
https://www.allaboutbirds.org/guide/Bendires_Thrasher,Bendires_Thrasher,exact
https://www.allaboutbirds.org/guide/Long-tailed_Duck,Long-tailed_Duck,exact
https://www.allaboutbirds.org/guide/Brown-crested_Flycatcher,Brown-crested_Flycatcher,exact
https://www.allaboutbirds.org/guide/Canvasback,Canvasback,exact
https://www.allaboutbirds.org/guide/American_Golden-Plover,American_Golden-Plover,exact
https://www.allaboutbirds.org/guide/Audubons_Oriole,Audubons_Oriole,exact
https://www.allaboutbirds.org/guide/Crested_Caracara,Crested_Caracara,exact
https://www.allaboutbirds.org/guide/Eastern_Wood-Pewee,Eastern_Wood-Pewee,exact
https://www.allaboutbirds.org/guide/Black-tailed_Gnatcatcher,Black-tailed_Gnatcatcher,exact
https://www.allaboutbirds.org/guide/Yellow-rumped_Warbler,Yellow-rumped_Warbler,exact
https://www.allaboutbirds.org/guide/Surfbird,Surfbird,exact
https://www.allaboutbirds.org/guide/European_Starling,European_Starling,exact
https://www.allaboutbirds.org/guide/Eastern_Phoebe,Eastern_Phoebe,exact
https://www.allaboutbirds.org/guide/Song_Sparrow,Song_Sparrow,exact
https://www.allaboutbirds.org/guide/Rusty_Blackbird,Rusty_Blackbird,exact
https://www.allaboutbirds.org/guide/Lesser_Goldfinch,Lesser_Goldfinch,exact
https://www.allaboutbirds.org/guide/Black-chinned_Hummingbird,Black-chinned_Hummingbird,exact
https://www.allaboutbirds.org/guide/Wild_Turkey,Wild_Turkey,exact
https://www.allaboutbirds.org/guide/Ovenbird,Ovenbird,exact
https://www.allaboutbirds.org/guide/Phainopepla,Phainopepla,exact
https://www.allaboutbirds.org/guide/Lesser_Black-backed_Gull,Lesser_Black-backed_Gull,exact
https://www.allaboutbirds.org/guide/Pine_Warbler,Pine_Warbler,exact
https://www.allaboutbirds.org/guide/Ruddy_Duck,Ruddy_Duck,exact
https://www.allaboutbirds.org/guide/Lesser_Black-backed_Gull,Lesser_Black-backed_Gull,exact
https://www.allaboutbirds.org/guide/Says_Phoebe,Says_Phoebe,exact
https://www.allaboutbirds.org/guide/Green-winged_Teal,Green-winged_Teal,exact
https://www.allaboutbirds.org/guide/Lesser_Black-backed_Gull,Lesser_Black-backed_Gull,exact
https://www.allaboutbirds.org/guide/Horned_Lark,Horned_Lark,exact
https://www.allaboutbirds.org/guide/Snowy_Egret,Snowy_Egret,exact
https://www.allaboutbirds.org/guide/Canyon_Wren,Canyon_Wren,exact
https://www.allaboutbirds.org/guide/Common_Yellowthroat,Common_Yellowthroat,exact
https://www.allaboutbirds.org/guide/Sedge_Wren,Sedge_Wren,exact
https://www.allaboutbirds.org/guide/Lesser_Black-backed_Gull,Lesser_Black-backed_Gull,exact
https://www.allaboutbirds.org/guide/Pine_Warbler,Pine_Warbler,exact
https://www.allaboutbirds.org/guide/Shiny_Cowbird,Shiny_Cowbird,exact
https://www.allaboutbirds.org/guide/Common_Redpoll,Common_Redpoll,exact
https://www.allaboutbirds.org/guide/Golden-fronted_Woodpecker,Golden-fronted_Woodpecker,exact
https://www.allaboutbirds.org/guide/Clarks_Grebe,Clarks_Grebe,exact
https://www.allaboutbirds.org/guide/Savannah_Sparrow,Savannah_Sparrow,exact
https://www.allaboutbirds.org/guide/Killdeer,Killdeer,exact
https://www.allaboutbirds.org/guide/Greater_Roadrunner,Greater_Roadrunner,exact
https://www.allaboutbirds.org/guide/American_Woodcock,American_Woodcock,exact
https://www.allaboutbirds.org/guide/Tree_Swallow,Tree_Swallow,exact
https://www.allaboutbirds.org/guide/White-eyed_Vireo,White-eyed_Vireo,exact
https://www.allaboutbirds.org/guide/Sanderling,Sanderling,exact
https://www.allaboutbirds.org/guide/Red-breasted_Nuthatch,Red-breasted_Nuthatch,exact
https://www.allaboutbirds.org/guide/Bobolink,Bobolink,exact
https://www.allaboutbirds.org/guide/Palm_Warbler,Palm_Warbler,exact
https://www.allaboutbirds.org/guide/Varied_Thrush,Varied_Thrush,exact
https://www.allaboutbirds.org/guide/Rose-breasted_Grosbeak,Rose-breasted_Grosbeak,exact
https://www.allaboutbirds.org/guide/Gila_Woodpecker,Gila_Woodpecker,exact
https://www.allaboutbirds.org/guide/Green-winged_Teal,Green-winged_Teal,exact
https://www.allaboutbirds.org/guide/Red-tailed_Hawk,Red-tailed_Hawk,exact
https://www.allaboutbirds.org/guide/Cinnamon_Teal,Cinnamon_Teal,exact
https://www.allaboutbirds.org/guide/American_Coot,American_Coot,exact
https://www.allaboutbirds.org/guide/Bells_Vireo,Bells_Vireo,exact
https://www.allaboutbirds.org/guide/Greater_Roadrunner,Greater_Roadrunner,exact
https://www.allaboutbirds.org/guide/Bridled_Titmouse,Bridled_Titmouse,exact
https://www.allaboutbirds.org/guide/Northern_Mockingbird,Northern_Mockingbird,exact
https://www.allaboutbirds.org/guide/Northern_Shrike,Northern_Shrike,exact
https://www.allaboutbirds.org/guide/American_Crow,American_Crow,exact
https://www.allaboutbirds.org/guide/Spotted_Towhee,Spotted_Towhee,exact
https://www.allaboutbirds.org/guide/Common_Nighthawk,Common_Nighthawk,exact
https://www.allaboutbirds.org/guide/Great_Blue_Heron,Great_Blue_Heron,exact
https://www.allaboutbirds.org/guide/Northern_Flicker,Northern_Flicker,exact
https://www.allaboutbirds.org/guide/Bullocks_Oriole,Bullocks_Oriole,exact
https://www.allaboutbirds.org/guide/Cave_Swallow,Cave_Swallow,exact
https://www.allaboutbirds.org/guide/Grasshopper_Sparrow,Grasshopper_Sparrow,exact
https://www.allaboutbirds.org/guide/Lesser_Black-backed_Gull,Lesser_Black-backed_Gull,exact
https://www.allaboutbirds.org/guide/Townsends_Solitaire,Townsends_Solitaire,exact
https://www.allaboutbirds.org/guide/Rufous_Hummingbird,Rufous_Hummingbird,exact
https://www.allaboutbirds.org/guide/Vesper_Sparrow,Vesper_Sparrow,exact
https://www.allaboutbirds.org/guide/Red-faced_Cormorant,Red-faced_Cormorant,exact
https://www.allaboutbirds.org/guide/Eastern_Meadowlark,Eastern_Meadowlark,exact
https://www.allaboutbirds.org/guide/Green_Kingfisher,Green_Kingfisher,exact
https://www.allaboutbirds.org/guide/Red-tailed_Hawk,Red-tailed_Hawk,exact
https://www.allaboutbirds.org/guide/Fish_Crow,Fish_Crow,exact
https://www.allaboutbirds.org/guide/Aberts_Towhee,Aberts_Towhee,exact
https://www.allaboutbirds.org/guide/Blue-gray_Gnatcatcher,Blue-gray_Gnatcatcher,exact
https://www.allaboutbirds.org/guide/Song_Sparrow,Song_Sparrow,exact
https://www.allaboutbirds.org/guide/Lesser_Black-backed_Gull,Lesser_Black-backed_Gull,exact
https://www.allaboutbirds.org/guide/American_Three-toed_Woodpecker,American_Three-toed_Woodpecker,exact
https://www.allaboutbirds.org/guide/Cedar_Waxwing,Cedar_Waxwing,exact
https://www.allaboutbirds.org/guide/Prairie_Falcon,Prairie_Falcon,exact
https://www.allaboutbirds.org/guide/Song_Sparrow,Song_Sparrow,exact
https://www.allaboutbirds.org/guide/Mexican_Jay,Mexican_Jay,exact
https://www.allaboutbirds.org/guide/Bohemian_Waxwing,Bohemian_Waxwing,exact
https://www.allaboutbirds.org/guide/Northern_Waterthrush,Northern_Waterthrush,exact
https://www.allaboutbirds.org/guide/Ring-necked_Pheasant,Ring-necked_Pheasant,exact
https://www.allaboutbirds.org/guide/Rough-legged_Hawk,Rough-legged_Hawk,exact
https://www.allaboutbirds.org/guide/Semipalmated_Sandpiper,Semipalmated_Sandpiper,exact
https://www.allaboutbirds.org/guide/Black-throated_Blue_Warbler,Black-throated_Blue_Warbler,exact
https://www.allaboutbirds.org/guide/Lesser_Black-backed_Gull,Lesser_Black-backed_Gull,exact
https://www.allaboutbirds.org/guide/Sedge_Wren,Sedge_Wren,exact
https://www.allaboutbirds.org/guide/Chihuahuan_Raven,Chihuahuan_Raven,exact
https://www.allaboutbirds.org/guide/Indigo_Bunting,Indigo_Bunting,exact
https://www.allaboutbirds.org/guide/Calliope_Hummingbird,Calliope_Hummingbird,exact
https://www.allaboutbirds.org/guide/Prairie_Falcon,Prairie_Falcon,exact
https://www.allaboutbirds.org/guide/Chestnut-backed_Chickadee,Chestnut-backed_Chickadee,exact
https://www.allaboutbirds.org/guide/Lesser_Black-backed_Gull,Lesser_Black-backed_Gull,exact
https://www.allaboutbirds.org/guide/Black-throated_Green_Warbler,Black-throated_Green_Warbler,exact
https://www.allaboutbirds.org/guide/Juniper_Titmouse,Juniper_Titmouse,exact
https://www.allaboutbirds.org/guide/Yellow-headed_Blackbird,Yellow-headed_Blackbird,exact
https://www.allaboutbirds.org/guide/Black-bellied_Whistling-Duck,Black-bellied_Whistling-Duck,exact
https://www.allaboutbirds.org/guide/Redhead,Redhead,exact
https://www.allaboutbirds.org/guide/Painted_Bunting,Painted_Bunting,exact
https://www.allaboutbirds.org/guide/Spotted_Owl,Spotted_Owl,exact
https://www.allaboutbirds.org/guide/Western_Kingbird,Western_Kingbird,exact
https://www.allaboutbirds.org/guide/Red-tailed_Hawk,Red-tailed_Hawk,exact
https://www.allaboutbirds.org/guide/Bufflehead,Bufflehead,exact
https://www.allaboutbirds.org/guide/Red-faced_Cormorant,Red-faced_Cormorant,exact
https://www.allaboutbirds.org/guide/Red-tailed_Hawk,Red-tailed_Hawk,exact
https://www.allaboutbirds.org/guide/Lesser_Black-backed_Gull,Lesser_Black-backed_Gull,exact
https://www.allaboutbirds.org/guide/Canada_Jay,Canada_Jay,exact
https://www.allaboutbirds.org/guide/Violet-green_Swallow,Violet-green_Swallow,exact
https://www.allaboutbirds.org/guide/Red-faced_Cormorant,Red-faced_Cormorant,exact
https://www.allaboutbirds.org/guide/Common_Ground_Dove,Common_Ground_Dove,exact
https://www.allaboutbirds.org/guide/Red-headed_Woodpecker,Red-headed_Woodpecker,exact
https://www.allaboutbirds.org/guide/Black_Tern,Black_Tern,exact
https://www.allaboutbirds.org/guide/Chuck-wills-widow,Chuck-wills-widow,exact
https://www.allaboutbirds.org/guide/Brown-capped_Rosy-Finch,Brown-capped_Rosy-Finch,exact
https://www.allaboutbirds.org/guide/Wood_Duck,Wood_Duck,exact
https://www.allaboutbirds.org/guide/Lark_Bunting,Lark_Bunting,exact
https://www.allaboutbirds.org/guide/Lesser_Black-backed_Gull,Lesser_Black-backed_Gull,exact
https://www.allaboutbirds.org/guide/Yellow-throated_Vireo,Yellow-throated_Vireo,exact
https://www.allaboutbirds.org/guide/Horned_Puffin,Horned_Puffin,exact
https://www.allaboutbirds.org/guide/Northern_Cardinal,Northern_Cardinal,exact
https://www.allaboutbirds.org/guide/Lesser_Black-backed_Gull,Lesser_Black-backed_Gull,exact
https://www.allaboutbirds.org/guide/Eurasian_Collared-Dove,Eurasian_Collared-Dove,exact
https://www.allaboutbirds.org/guide/Clay-colored_Sparrow,Clay-colored_Sparrow,exact
https://www.allaboutbirds.org/guide/Nashville_Warbler,Nashville_Warbler,exact
https://www.allaboutbirds.org/guide/Red-tailed_Hawk,Red-tailed_Hawk,exact
https://www.allaboutbirds.org/guide/Black-throated_Sparrow,Black-throated_Sparrow,exact
https://www.allaboutbirds.org/guide/Reddish_Egret,Reddish_Egret,exact
https://www.allaboutbirds.org/guide/Magnolia_Warbler,Magnolia_Warbler,exact
https://www.allaboutbirds.org/guide/Black-crowned_Night-Heron,Black-crowned_Night-Heron,exact
https://www.allaboutbirds.org/guide/Prothonotary_Warbler,Prothonotary_Warbler,exact
https://www.allaboutbirds.org/guide/Yellow-rumped_Warbler,Yellow-rumped_Warbler,exact
https://www.allaboutbirds.org/guide/Black-throated_Gray_Warbler,Black-throated_Gray_Warbler,exact
https://www.allaboutbirds.org/guide/Long-tailed_Jaeger,Long-tailed_Jaeger,exact
https://www.allaboutbirds.org/guide/Red-breasted_Sapsucker,Red-breasted_Sapsucker,exact
https://www.allaboutbirds.org/guide/Lesser_Black-backed_Gull,Lesser_Black-backed_Gull,exact
https://www.allaboutbirds.org/guide/Yellow-rumped_Warbler,Yellow-rumped_Warbler,exact
https://www.allaboutbirds.org/guide/Pyrrhuloxia,Pyrrhuloxia,exact
https://www.allaboutbirds.org/guide/Black-necked_Stilt,Black-necked_Stilt,exact
https://www.allaboutbirds.org/guide/Black-capped_Vireo,Black-capped_Vireo,exact
https://www.allaboutbirds.org/guide/Gray-crowned_Rosy-Finch,Gray-crowned_Rosy-Finch,exact
https://www.allaboutbirds.org/guide/Greater_Scaup,Greater_Scaup,exact
https://www.allaboutbirds.org/guide/Sharp-shinned_Hawk,Sharp-shinned_Hawk,exact
https://www.allaboutbirds.org/guide/Woodhouses_Scrub-Jay,Woodhouses_Scrub-Jay,exact
https://www.allaboutbirds.org/guide/American_Redstart,American_Redstart,exact
https://www.allaboutbirds.org/guide/Cassins_Kingbird,Cassins_Kingbird,exact
https://www.allaboutbirds.org/guide/Western_Bluebird,Western_Bluebird,exact
https://www.allaboutbirds.org/guide/Florida_Scrub-Jay,Florida_Scrub-Jay,exact
https://www.allaboutbirds.org/guide/Red-bellied_Woodpecker,Red-bellied_Woodpecker,exact
https://www.allaboutbirds.org/guide/Olive-sided_Flycatcher,Olive-sided_Flycatcher,exact
https://www.allaboutbirds.org/guide/Lesser_Scaup,Lesser_Scaup,exact
https://www.allaboutbirds.org/guide/Ringed_Kingfisher,Ringed_Kingfisher,exact
https://www.allaboutbirds.org/guide/Northern_Mockingbird,Northern_Mockingbird,exact
https://www.allaboutbirds.org/guide/Wood_Thrush,Wood_Thrush,exact
https://www.allaboutbirds.org/guide/Canyon_Towhee,Canyon_Towhee,exact
https://www.allaboutbirds.org/guide/Dickcissel,Dickcissel,exact
https://www.allaboutbirds.org/guide/Nuttalls_Woodpecker,Nuttalls_Woodpecker,exact
https://www.allaboutbirds.org/guide/Spotted_Sandpiper,Spotted_Sandpiper,exact
https://www.allaboutbirds.org/guide/Worm-eating_Warbler,Worm-eating_Warbler,exact
https://www.allaboutbirds.org/guide/Summer_Tanager,Summer_Tanager,exact
https://www.allaboutbirds.org/guide/Lesser_Yellowlegs,Lesser_Yellowlegs,exact
https://www.allaboutbirds.org/guide/Warbling_Vireo,Warbling_Vireo,exact
https://www.allaboutbirds.org/guide/Harriss_Sparrow,Harriss_Sparrow,exact
https://www.allaboutbirds.org/guide/Tennessee_Warbler,Tennessee_Warbler,exact
https://www.allaboutbirds.org/guide/Common_Eider,Common_Eider,exact
https://www.allaboutbirds.org/guide/Louisiana_Waterthrush,Louisiana_Waterthrush,exact
https://www.allaboutbirds.org/guide/Swainsons_Thrush,Swainsons_Thrush,exact
https://www.allaboutbirds.org/guide/Forsters_Tern,Forsters_Tern,exact
https://www.allaboutbirds.org/guide/Pileated_Woodpecker,Pileated_Woodpecker,exact
https://www.allaboutbirds.org/guide/Short-billed_Dowitcher,Short-billed_Dowitcher,exact
https://www.allaboutbirds.org/guide/Anhinga,Anhinga,exact
https://www.allaboutbirds.org/guide/Acorn_Woodpecker,Acorn_Woodpecker,exact
https://www.allaboutbirds.org/guide/Kentucky_Warbler,Kentucky_Warbler,exact
https://www.allaboutbirds.org/guide/Lesser_Black-backed_Gull,Lesser_Black-backed_Gull,exact
https://www.allaboutbirds.org/guide/Lesser_Black-backed_Gull,Lesser_Black-backed_Gull,exact
https://www.allaboutbirds.org/guide/Northern_Bobwhite,Northern_Bobwhite,exact
https://www.allaboutbirds.org/guide/Laysan_Albatross,Laysan_Albatross,exact
https://www.allaboutbirds.org/guide/Roseate_Spoonbill,Roseate_Spoonbill,exact
https://www.allaboutbirds.org/guide/Plumbeous_Vireo,Plumbeous_Vireo,exact
https://www.allaboutbirds.org/guide/Northern_Shrike,Northern_Shrike,exact
https://www.allaboutbirds.org/guide/Pacific_Loon,Pacific_Loon,exact
https://www.allaboutbirds.org/guide/Black_Phoebe,Black_Phoebe,exact
https://www.allaboutbirds.org/guide/Parakeet_Auklet,Parakeet_Auklet,exact
https://www.allaboutbirds.org/guide/Lesser_Black-backed_Gull,Lesser_Black-backed_Gull,exact
https://www.allaboutbirds.org/guide/Ring-necked_Duck,Ring-necked_Duck,exact
https://www.allaboutbirds.org/guide/Northern_Gannet,Northern_Gannet,exact
https://www.allaboutbirds.org/guide/Mourning_Dove,Mourning_Dove,exact
https://www.allaboutbirds.org/guide/Gadwall,Gadwall,exact
https://www.allaboutbirds.org/guide/Hooded_Warbler,Hooded_Warbler,exact
https://www.allaboutbirds.org/guide/Eastern_Whip-poor-will,Eastern_Whip-poor-will,exact
https://www.allaboutbirds.org/guide/Bald_Eagle,Bald_Eagle,exact
https://www.allaboutbirds.org/guide/Lesser_Black-backed_Gull,Lesser_Black-backed_Gull,exact
https://www.allaboutbirds.org/guide/Lesser_Black-backed_Gull,Lesser_Black-backed_Gull,exact
https://www.allaboutbirds.org/guide/Orange-crowned_Warbler,Orange-crowned_Warbler,exact
https://www.allaboutbirds.org/guide/Red_Phalarope,Red_Phalarope,exact
https://www.allaboutbirds.org/guide/Glossy_Ibis,Glossy_Ibis,exact
https://www.allaboutbirds.org/guide/House_Finch,House_Finch,exact
https://www.allaboutbirds.org/guide/Golden_Eagle,Golden_Eagle,exact
https://www.allaboutbirds.org/guide/White-throated_Swift,White-throated_Swift,exact
https://www.allaboutbirds.org/guide/Common_Goldeneye,Common_Goldeneye,exact
https://www.allaboutbirds.org/guide/American_Tree_Sparrow,American_Tree_Sparrow,exact
https://www.allaboutbirds.org/guide/Gray_Kingbird,Gray_Kingbird,exact
https://www.allaboutbirds.org/guide/Golden-crowned_Sparrow,Golden-crowned_Sparrow,exact
https://www.allaboutbirds.org/guide/White_Ibis,White_Ibis,exact
https://www.allaboutbirds.org/guide/Red-winged_Blackbird,Red-winged_Blackbird,exact
https://www.allaboutbirds.org/guide/Scarlet_Tanager,Scarlet_Tanager,exact
https://www.allaboutbirds.org/guide/Green_Kingfisher,Green_Kingfisher,exact
https://www.allaboutbirds.org/guide/Red-faced_Cormorant,Red-faced_Cormorant,exact
https://www.allaboutbirds.org/guide/Burrowing_Owl,Burrowing_Owl,exact
https://www.allaboutbirds.org/guide/Stellers_Jay,Stellers_Jay,exact
https://www.allaboutbirds.org/guide/Surf_Scoter,Surf_Scoter,exact
https://www.allaboutbirds.org/guide/Bewicks_Wren,Bewicks_Wren,exact
https://www.allaboutbirds.org/guide/Red-cockaded_Woodpecker,Red-cockaded_Woodpecker,exact
https://www.allaboutbirds.org/guide/Snowy_Owl,Snowy_Owl,exact
https://www.allaboutbirds.org/guide/Least_Flycatcher,Least_Flycatcher,exact
https://www.allaboutbirds.org/guide/Common_Merganser,Common_Merganser,exact
https://www.allaboutbirds.org/guide/American_Wigeon,American_Wigeon,exact
https://www.allaboutbirds.org/guide/Carolina_Chickadee,Carolina_Chickadee,exact
https://www.allaboutbirds.org/guide/Wilsons_Snipe,Wilsons_Snipe,exact
https://www.allaboutbirds.org/guide/Greater_Sage-Grouse,Greater_Sage-Grouse,exact
https://www.allaboutbirds.org/guide/Cackling_Goose,Cackling_Goose,exact
https://www.allaboutbirds.org/guide/Northern_Saw-whet_Owl,Northern_Saw-whet_Owl,exact
https://www.allaboutbirds.org/guide/Northern_Fulmar,Northern_Fulmar,exact
https://www.allaboutbirds.org/guide/White-winged_Scoter,White-winged_Scoter,exact
https://www.allaboutbirds.org/guide/Brown-headed_Cowbird,Brown-headed_Cowbird,exact
https://www.allaboutbirds.org/guide/Costas_Hummingbird,Costas_Hummingbird,exact
https://www.allaboutbirds.org/guide/Ruby-crowned_Kinglet,Ruby-crowned_Kinglet,exact
https://www.allaboutbirds.org/guide/Song_Sparrow,Song_Sparrow,exact
https://www.allaboutbirds.org/guide/Red-naped_Sapsucker,Red-naped_Sapsucker,exact
https://www.allaboutbirds.org/guide/Song_Sparrow,Song_Sparrow,exact
https://www.allaboutbirds.org/guide/American_Pipit,American_Pipit,exact
https://www.allaboutbirds.org/guide/Forsters_Tern,Forsters_Tern,exact
https://www.allaboutbirds.org/guide/Song_Sparrow,Song_Sparrow,exact
https://www.allaboutbirds.org/guide/Western_Sandpiper,Western_Sandpiper,exact
https://www.allaboutbirds.org/guide/Hooded_Merganser,Hooded_Merganser,exact
https://www.allaboutbirds.org/guide/Yellow-rumped_Warbler,Yellow-rumped_Warbler,exact
https://www.allaboutbirds.org/guide/Green_Kingfisher,Green_Kingfisher,exact
https://www.allaboutbirds.org/guide/Greater_White-fronted_Goose,Greater_White-fronted_Goose,exact
https://www.allaboutbirds.org/guide/Great_Egret,Great_Egret,exact
https://www.allaboutbirds.org/guide/Lesser_Black-backed_Gull,Lesser_Black-backed_Gull,exact
https://www.allaboutbirds.org/guide/Eastern_Kingbird,Eastern_Kingbird,exact
https://www.allaboutbirds.org/guide/Snowy_Owl,Snowy_Owl,exact
https://www.allaboutbirds.org/guide/Western_Wood-Pewee,Western_Wood-Pewee,exact
https://www.allaboutbirds.org/guide/Common_Gallinule,Common_Gallinule,exact
https://www.allaboutbirds.org/guide/Annas_Hummingbird,Annas_Hummingbird,exact
https://www.allaboutbirds.org/guide/Cactus_Wren,Cactus_Wren,exact
https://www.allaboutbirds.org/guide/Red-tailed_Hawk,Red-tailed_Hawk,exact
https://www.allaboutbirds.org/guide/Tropical_Kingbird,Tropical_Kingbird,exact
https://www.allaboutbirds.org/guide/Bronzed_Cowbird,Bronzed_Cowbird,exact
https://www.allaboutbirds.org/guide/Rock_Wren,Rock_Wren,exact
https://www.allaboutbirds.org/guide/Common_Loon,Common_Loon,exact
https://www.allaboutbirds.org/guide/Clarks_Nutcracker,Clarks_Nutcracker,exact
https://www.allaboutbirds.org/guide/Red-faced_Cormorant,Red-faced_Cormorant,exact
https://www.allaboutbirds.org/guide/Ruddy_Turnstone,Ruddy_Turnstone,exact
https://www.allaboutbirds.org/guide/American_Oystercatcher,American_Oystercatcher,exact
https://www.allaboutbirds.org/guide/Huttons_Vireo,Huttons_Vireo,exact
https://www.allaboutbirds.org/guide/Tufted_Titmouse,Tufted_Titmouse,exact
https://www.allaboutbirds.org/guide/Rosss_Goose,Rosss_Goose,exact
https://www.allaboutbirds.org/guide/Wilsons_Warbler,Wilsons_Warbler,exact
https://www.allaboutbirds.org/guide/Hooded_Warbler,Hooded_Warbler,exact
https://www.allaboutbirds.org/guide/Lesser_Black-backed_Gull,Lesser_Black-backed_Gull,exact
https://www.allaboutbirds.org/guide/Florida_Scrub-Jay,Florida_Scrub-Jay,exact
https://www.allaboutbirds.org/guide/Loggerhead_Shrike,Loggerhead_Shrike,exact
https://www.allaboutbirds.org/guide/Northern_Parula,Northern_Parula,exact
https://www.allaboutbirds.org/guide/Western_Tanager,Western_Tanager,exact
https://www.allaboutbirds.org/guide/Common_Tern,Common_Tern,exact
https://www.allaboutbirds.org/guide/Song_Sparrow,Song_Sparrow,exact
https://www.allaboutbirds.org/guide/Trumpeter_Swan,Trumpeter_Swan,exact
https://www.allaboutbirds.org/guide/Magnificent_Frigatebird,Magnificent_Frigatebird,exact
https://www.allaboutbirds.org/guide/Wood_Stork,Wood_Stork,exact
https://www.allaboutbirds.org/guide/Black-crested_Titmouse,Black-crested_Titmouse,exact
https://www.allaboutbirds.org/guide/Pigeon_Guillemot,Pigeon_Guillemot,exact
https://www.allaboutbirds.org/guide/Philadelphia_Vireo,Philadelphia_Vireo,exact
https://www.allaboutbirds.org/guide/Red-tailed_Hawk,Red-tailed_Hawk,exact
https://www.allaboutbirds.org/guide/Marbled_Godwit,Marbled_Godwit,exact
https://www.allaboutbirds.org/guide/American_Avocet,American_Avocet,exact
https://www.allaboutbirds.org/guide/Barn_Owl,Barn_Owl,exact
https://www.allaboutbirds.org/guide/Vesper_Sparrow,Vesper_Sparrow,exact
https://www.allaboutbirds.org/guide/White-throated_Sparrow,White-throated_Sparrow,exact
https://www.allaboutbirds.org/guide/Song_Sparrow,Song_Sparrow,exact
https://www.allaboutbirds.org/guide/Bushtit,Bushtit,exact
https://www.allaboutbirds.org/guide/Yellow-rumped_Warbler,Yellow-rumped_Warbler,exact
https://www.allaboutbirds.org/guide/Song_Sparrow,Song_Sparrow,exact
https://www.allaboutbirds.org/guide/Least_Sandpiper,Least_Sandpiper,exact
https://www.allaboutbirds.org/guide/Barn_Swallow,Barn_Swallow,exact
https://www.allaboutbirds.org/guide/Red-tailed_Hawk,Red-tailed_Hawk,exact
https://www.allaboutbirds.org/guide/Caspian_Tern,Caspian_Tern,exact
https://www.allaboutbirds.org/guide/Northern_Pygmy-Owl,Northern_Pygmy-Owl,exact
https://www.allaboutbirds.org/guide/Green_Jay,Green_Jay,exact
https://www.allaboutbirds.org/guide/Eared_Grebe,Eared_Grebe,exact
https://www.allaboutbirds.org/guide/Vauxs_Swift,Vauxs_Swift,exact
https://www.allaboutbirds.org/guide/Red-tailed_Hawk,Red-tailed_Hawk,exact
https://www.allaboutbirds.org/guide/California_Towhee,California_Towhee,exact
https://www.allaboutbirds.org/guide/Golden-crowned_Kinglet,Golden-crowned_Kinglet,exact
https://www.allaboutbirds.org/guide/Pine_Warbler,Pine_Warbler,exact
https://www.allaboutbirds.org/guide/Snow_Bunting,Snow_Bunting,exact
https://www.allaboutbirds.org/guide/Smooth-billed_Ani,Smooth-billed_Ani,exact
https://www.allaboutbirds.org/guide/Red-breasted_Merganser,Red-breasted_Merganser,exact
https://www.allaboutbirds.org/guide/Cliff_Swallow,Cliff_Swallow,exact
https://www.allaboutbirds.org/guide/Sedge_Wren,Sedge_Wren,exact
https://www.allaboutbirds.org/guide/Red-throated_Loon,Red-throated_Loon,exact
https://www.allaboutbirds.org/guide/Curve-billed_Thrasher,Curve-billed_Thrasher,exact
https://www.allaboutbirds.org/guide/Pacific_Wren,Pacific_Wren,exact
https://www.allaboutbirds.org/guide/American_White_Pelican,American_White_Pelican,exact
https://www.allaboutbirds.org/guide/Broad-winged_Hawk,Broad-winged_Hawk,exact
https://www.allaboutbirds.org/guide/Mangrove_Cuckoo,Mangrove_Cuckoo,exact
https://www.allaboutbirds.org/guide/Mountain_Bluebird,Mountain_Bluebird,exact
https://www.allaboutbirds.org/guide/Northern_Pintail,Northern_Pintail,exact
https://www.allaboutbirds.org/guide/Hairy_Woodpecker,Hairy_Woodpecker,exact
https://www.allaboutbirds.org/guide/Bank_Swallow,Bank_Swallow,exact
https://www.allaboutbirds.org/guide/Merlin,Merlin,exact
https://www.allaboutbirds.org/guide/Brant,Brant,exact
https://www.allaboutbirds.org/guide/Lesser_Black-backed_Gull,Lesser_Black-backed_Gull,exact
https://www.allaboutbirds.org/guide/Little_Blue_Heron,Little_Blue_Heron,exact
https://www.allaboutbirds.org/guide/Dunlin,Dunlin,exact
https://www.allaboutbirds.org/guide/Mississippi_Kite,Mississippi_Kite,exact
https://www.allaboutbirds.org/guide/Least_Bittern,Least_Bittern,exact
https://www.allaboutbirds.org/guide/American_Kestrel,American_Kestrel,exact
https://www.allaboutbirds.org/guide/Herring_Gull,Herring_Gull,exact
https://www.allaboutbirds.org/guide/Pine_Warbler,Pine_Warbler,exact
https://www.allaboutbirds.org/guide/Pygmy_Nuthatch,Pygmy_Nuthatch,exact
https://www.allaboutbirds.org/guide/Rock_Pigeon,Rock_Pigeon,exact
https://www.allaboutbirds.org/guide/Cordilleran_Flycatcher,Cordilleran_Flycatcher,exact
https://www.allaboutbirds.org/guide/Western_Meadowlark,Western_Meadowlark,exact
https://www.allaboutbirds.org/guide/Black_Tern,Black_Tern,exact
https://www.allaboutbirds.org/guide/Pine_Warbler,Pine_Warbler,exact
https://www.allaboutbirds.org/guide/Western_Screech-Owl,Western_Screech-Owl,exact
https://www.allaboutbirds.org/guide/Yellow-rumped_Warbler,Yellow-rumped_Warbler,exact
https://www.allaboutbirds.org/guide/Hermit_Warbler,Hermit_Warbler,exact
https://www.allaboutbirds.org/guide/Mountain_Chickadee,Mountain_Chickadee,exact
https://www.allaboutbirds.org/guide/Hook-billed_Kite,Hook-billed_Kite,exact
https://www.allaboutbirds.org/guide/Golden-winged_Warbler,Golden-winged_Warbler,exact
https://www.allaboutbirds.org/guide/Cassins_Vireo,Cassins_Vireo,exact
https://www.allaboutbirds.org/guide/Bay-breasted_Warbler,Bay-breasted_Warbler,exact
https://www.allaboutbirds.org/guide/California_Quail,California_Quail,exact
https://www.allaboutbirds.org/guide/Yellow-rumped_Warbler,Yellow-rumped_Warbler,exact
https://www.allaboutbirds.org/guide/White-winged_Scoter,White-winged_Scoter,exact
https://www.allaboutbirds.org/guide/Fox_Sparrow,Fox_Sparrow,exact
https://www.allaboutbirds.org/guide/Red-tailed_Hawk,Red-tailed_Hawk,exact
https://www.allaboutbirds.org/guide/Black-bellied_Whistling-Duck,Black-bellied_Whistling-Duck,exact
https://www.allaboutbirds.org/guide/Rhinoceros_Auklet,Rhinoceros_Auklet,exact
https://www.allaboutbirds.org/guide/Boreal_Chickadee,Boreal_Chickadee,exact
https://www.allaboutbirds.org/guide/Gambels_Quail,Gambels_Quail,exact
https://www.allaboutbirds.org/guide/Florida_Scrub-Jay,Florida_Scrub-Jay,exact
https://www.allaboutbirds.org/guide/American_Goldfinch,American_Goldfinch,exact
https://www.allaboutbirds.org/guide/Red-tailed_Hawk,Red-tailed_Hawk,exact
https://www.allaboutbirds.org/guide/Purple_Gallinule,Purple_Gallinule,exact
https://www.allaboutbirds.org/guide/Baltimore_Oriole,Baltimore_Oriole,exact
https://www.allaboutbirds.org/guide/Tundra_Swan,Tundra_Swan,exact
https://www.allaboutbirds.org/guide/Greater_Yellowlegs,Greater_Yellowlegs,exact
https://www.allaboutbirds.org/guide/Chimney_Swift,Chimney_Swift,exact
https://www.allaboutbirds.org/guide/Lazuli_Bunting,Lazuli_Bunting,exact
https://www.allaboutbirds.org/guide/American_Dipper,American_Dipper,exact
https://www.allaboutbirds.org/guide/Brewers_Blackbird,Brewers_Blackbird,exact
https://www.allaboutbirds.org/guide/Acadian_Flycatcher,Acadian_Flycatcher,exact
https://www.allaboutbirds.org/guide/Song_Sparrow,Song_Sparrow,exact
https://www.allaboutbirds.org/guide/Pine_Grosbeak,Pine_Grosbeak,exact
https://www.allaboutbirds.org/guide/Northern_Shoveler,Northern_Shoveler,exact
https://www.allaboutbirds.org/guide/MacGillivrays_Warbler,MacGillivrays_Warbler,exact
https://www.allaboutbirds.org/guide/Rosss_Goose,Rosss_Goose,exact
https://www.allaboutbirds.org/guide/Western_Screech-Owl,Western_Screech-Owl,exact
https://www.allaboutbirds.org/guide/Northern_Cardinal,Northern_Cardinal,exact
https://www.allaboutbirds.org/guide/Green_Kingfisher,Green_Kingfisher,exact
https://www.allaboutbirds.org/guide/Green_Heron,Green_Heron,exact
https://www.allaboutbirds.org/guide/Pine_Warbler,Pine_Warbler,exact
https://www.allaboutbirds.org/guide/European_Starling,European_Starling,exact
https://www.allaboutbirds.org/guide/Song_Sparrow,Song_Sparrow,exact
https://www.allaboutbirds.org/guide/Cape_May_Warbler,Cape_May_Warbler,exact
https://www.allaboutbirds.org/guide/Turkey_Vulture,Turkey_Vulture,exact
https://www.allaboutbirds.org/guide/Dark-eyed_Junco,Dark-eyed_Junco,exact
https://www.allaboutbirds.org/guide/Purple_Martin,Purple_Martin,exact
https://www.allaboutbirds.org/guide/Red-necked_Grebe,Red-necked_Grebe,exact
https://www.allaboutbirds.org/guide/Hooded_Oriole,Hooded_Oriole,exact
https://www.allaboutbirds.org/guide/White-crowned_Sparrow,White-crowned_Sparrow,exact
https://www.allaboutbirds.org/guide/Gray_Catbird,Gray_Catbird,exact
https://www.allaboutbirds.org/guide/Pine_Siskin,Pine_Siskin,exact
https://www.allaboutbirds.org/guide/Fish_Crow,Fish_Crow,exact
https://www.allaboutbirds.org/guide/Red-tailed_Hawk,Red-tailed_Hawk,exact
https://www.allaboutbirds.org/guide/Harriss_Hawk,Harriss_Hawk,exact
https://www.allaboutbirds.org/guide/Red-tailed_Hawk,Red-tailed_Hawk,exact
https://www.allaboutbirds.org/guide/Wrentit,Wrentit,exact
https://www.allaboutbirds.org/guide/Chestnut-sided_Warbler,Chestnut-sided_Warbler,exact
https://www.allaboutbirds.org/guide/Horned_Grebe,Horned_Grebe,exact
https://www.allaboutbirds.org/guide/Swainsons_Hawk,Swainsons_Hawk,exact
https://www.allaboutbirds.org/guide/Cattle_Egret,Cattle_Egret,exact
https://www.allaboutbirds.org/guide/Red_Crossbill,Red_Crossbill,exact
https://www.allaboutbirds.org/guide/Lesser_Black-backed_Gull,Lesser_Black-backed_Gull,exact
https://www.allaboutbirds.org/guide/Western_Grebe,Western_Grebe,exact
https://www.allaboutbirds.org/guide/Red-tailed_Hawk,Red-tailed_Hawk,exact
https://www.allaboutbirds.org/guide/Evening_Grosbeak,Evening_Grosbeak,exact
https://www.allaboutbirds.org/guide/Pacific-slope_Flycatcher,Pacific-slope_Flycatcher,exact
https://www.allaboutbirds.org/guide/Inca_Dove,Inca_Dove,exact
https://www.allaboutbirds.org/guide/White-eyed_Vireo,White-eyed_Vireo,exact
https://www.allaboutbirds.org/guide/Monk_Parakeet,Monk_Parakeet,exact
https://www.allaboutbirds.org/guide/American_Robin,American_Robin,exact
https://www.allaboutbirds.org/guide/Sandhill_Crane,Sandhill_Crane,exact
https://www.allaboutbirds.org/guide/Pine_Warbler,Pine_Warbler,exact
https://www.allaboutbirds.org/guide/Lesser_Nighthawk,Lesser_Nighthawk,exact
https://www.allaboutbirds.org/guide/Whimbrel,Whimbrel,exact
https://www.allaboutbirds.org/guide/Oak_Titmouse,Oak_Titmouse,exact
https://www.allaboutbirds.org/guide/Least_Tern,Least_Tern,exact
https://www.allaboutbirds.org/guide/Black_Tern,Black_Tern,exact
https://www.allaboutbirds.org/guide/Ruby-throated_Hummingbird,Ruby-throated_Hummingbird,exact
https://www.allaboutbirds.org/guide/Ruddy_Duck,Ruddy_Duck,exact
https://www.allaboutbirds.org/guide/Lesser_Black-backed_Gull,Lesser_Black-backed_Gull,exact
https://www.allaboutbirds.org/guide/Red-tailed_Hawk,Red-tailed_Hawk,exact
https://www.allaboutbirds.org/guide/Northern_Harrier,Northern_Harrier,exact
https://www.allaboutbirds.org/guide/Royal_Tern,Royal_Tern,exact
https://www.allaboutbirds.org/guide/Hermit_Thrush,Hermit_Thrush,exact
https://www.allaboutbirds.org/guide/Willet,Willet,exact
https://www.allaboutbirds.org/guide/Harlequin_Duck,Harlequin_Duck,exact
https://www.allaboutbirds.org/guide/Cassins_Finch,Cassins_Finch,exact
https://www.allaboutbirds.org/guide/Mallard,Mallard,exact
https://www.allaboutbirds.org/guide/Great_Horned_Owl,Great_Horned_Owl,exact
https://www.allaboutbirds.org/guide/Osprey,Osprey,exact
https://www.allaboutbirds.org/guide/Winter_Wren,Winter_Wren,exact
https://www.allaboutbirds.org/guide/Tricolored_Heron,Tricolored_Heron,exact
https://www.allaboutbirds.org/guide/Ash-throated_Flycatcher,Ash-throated_Flycatcher,exact
https://www.allaboutbirds.org/guide/Eastern_Bluebird,Eastern_Bluebird,exact
https://www.allaboutbirds.org/guide/Lesser_Black-backed_Gull,Lesser_Black-backed_Gull,exact
https://www.allaboutbirds.org/guide/Blue-headed_Vireo,Blue-headed_Vireo,exact
https://www.allaboutbirds.org/guide/Sage_Thrasher,Sage_Thrasher,exact
https://www.allaboutbirds.org/guide/Yellow-rumped_Warbler,Yellow-rumped_Warbler,exact
https://www.allaboutbirds.org/guide/Lesser_Black-backed_Gull,Lesser_Black-backed_Gull,exact
https://www.allaboutbirds.org/guide/Lawrences_Goldfinch,Lawrences_Goldfinch,exact
https://www.allaboutbirds.org/guide/Eastern_Towhee,Eastern_Towhee,exact
https://www.allaboutbirds.org/guide/Cackling_Goose,Cackling_Goose,exact
https://www.allaboutbirds.org/guide/Orchard_Oriole,Orchard_Oriole,exact
https://www.allaboutbirds.org/guide/Black_Phoebe,Black_Phoebe,exact
https://www.allaboutbirds.org/guide/Hoary_Redpoll,Hoary_Redpoll,exact
https://www.allaboutbirds.org/guide/Lesser_Black-backed_Gull,Lesser_Black-backed_Gull,exact
https://www.allaboutbirds.org/guide/Vermilion_Flycatcher,Vermilion_Flycatcher,exact
https://www.allaboutbirds.org/guide/Yellow-rumped_Warbler,Yellow-rumped_Warbler,exact
https://www.allaboutbirds.org/guide/Black-throated_Gray_Warbler,Black-throated_Gray_Warbler,exact
https://www.allaboutbirds.org/guide/Allens_Hummingbird,Allens_Hummingbird,exact
https://www.allaboutbirds.org/guide/Common_Raven,Common_Raven,exact
https://www.allaboutbirds.org/guide/Lewiss_Woodpecker,Lewiss_Woodpecker,exact
https://www.allaboutbirds.org/guide/Neotropic_Cormorant,Neotropic_Cormorant,exact
https://www.allaboutbirds.org/guide/Bay-breasted_Warbler,Bay-breasted_Warbler,exact
https://www.allaboutbirds.org/guide/Long-tailed_Duck,Long-tailed_Duck,exact
https://www.allaboutbirds.org/guide/Lesser_Black-backed_Gull,Lesser_Black-backed_Gull,exact
https://www.allaboutbirds.org/guide/American_Golden-Plover,American_Golden-Plover,exact
https://www.allaboutbirds.org/guide/Common_Black_Hawk,Common_Black_Hawk,exact
https://www.allaboutbirds.org/guide/Blue_Grosbeak,Blue_Grosbeak,exact
https://www.allaboutbirds.org/guide/Red-tailed_Hawk,Red-tailed_Hawk,exact
https://www.allaboutbirds.org/guide/Verdin,Verdin,exact
https://www.allaboutbirds.org/guide/Pomarine_Jaeger,Pomarine_Jaeger,exact
https://www.allaboutbirds.org/guide/Mute_Swan,Mute_Swan,exact
https://www.allaboutbirds.org/guide/Pine_Warbler,Pine_Warbler,exact
https://www.allaboutbirds.org/guide/Yellow-crowned_Night-Heron,Yellow-crowned_Night-Heron,exact
https://www.allaboutbirds.org/guide/Rufous-crowned_Sparrow,Rufous-crowned_Sparrow,exact
https://www.allaboutbirds.org/guide/Red-tailed_Hawk,Red-tailed_Hawk,exact
